{
  "cells": [
    {
      "candidate_limit": 100,
      "db_bytes": 2768896,
      "dimensions": 384,
      "metrics": {
        "candidates": {
          "p50": 100.0,
          "p95": 100.0,
          "p99": 100.0
        },
        "cpu_ms": {
          "p50": 280.430023,
          "p95": 289.8443592,
          "p99": 290.75498304
        },
        "fusion_ms": {
          "p50": 0.036996963899582624,
          "p95": 0.0708078034222126,
          "p99": 0.07541916333138943
        },
        "rss_kib": {
          "p50": 27960.0,
          "p95": 28034.4,
          "p99": 28048.48
        },
        "wall_ms": {
          "p50": 280.4362589959055,
          "p95": 290.15487622236833,
          "p99": 291.1264480627142
        }
      },
      "repetitions": 5,
      "units": 1000,
      "warmups": 1
    },
    {
      "candidate_limit": 100,
      "db_bytes": 24485888,
      "dimensions": 384,
      "metrics": {
        "candidates": {
          "p50": 100.0,
          "p95": 100.0,
          "p99": 100.0
        },
        "cpu_ms": {
          "p50": 2750.210166,
          "p95": 2801.6593726,
          "p99": 2809.69500972
        },
        "fusion_ms": {
          "p50": 0.0879360013641417,
          "p95": 0.11593442177399993,
          "p99": 0.1188149000518024
        },
        "rss_kib": {
          "p50": 51596.0,
          "p95": 51650.4,
          "p99": 51658.08
        },
        "wall_ms": {
          "p50": 2750.5023690173402,
          "p95": 2803.27762439847,
          "p99": 2811.3716896809638
        }
      },
      "repetitions": 5,
      "units": 10000,
      "warmups": 1
    },
    {
      "candidate_limit": 100,
      "db_bytes": 4825088,
      "dimensions": 768,
      "metrics": {
        "candidates": {
          "p50": 100.0,
          "p95": 100.0,
          "p99": 100.0
        },
        "cpu_ms": {
          "p50": 539.7983469999999,
          "p95": 560.0039446000001,
          "p99": 561.02436332
        },
        "fusion_ms": {
          "p50": 0.05511194467544556,
          "p95": 0.06654217140749097,
          "p99": 0.06882680812850595
        },
        "rss_kib": {
          "p50": 29544.0,
          "p95": 29620.0,
          "p99": 29629.6
        },
        "wall_ms": {
          "p50": 539.8408939945512,
          "p95": 560.0154354004189,
          "p99": 561.0274670785293
        }
      },
      "repetitions": 5,
      "units": 1000,
      "warmups": 1
    },
    {
      "candidate_limit": 100,
      "db_bytes": 45010944,
      "dimensions": 768,
      "metrics": {
        "candidates": {
          "p50": 100.0,
          "p95": 100.0,
          "p99": 100.0
        },
        "cpu_ms": {
          "p50": 5347.939146000001,
          "p95": 5422.8257812,
          "p99": 5424.34010424
        },
        "fusion_ms": {
          "p50": 0.08549797348678112,
          "p95": 0.0874016317538917,
          "p99": 0.08767955703660846
        },
        "rss_kib": {
          "p50": 66576.0,
          "p95": 66848.0,
          "p99": 66896.0
        },
        "wall_ms": {
          "p50": 5352.833760960493,
          "p95": 5424.525206012186,
          "p99": 5425.832353213336
        }
      },
      "repetitions": 5,
      "units": 10000,
      "warmups": 1
    },
    {
      "candidate_limit": 100,
      "db_bytes": 5328896,
      "dimensions": 1024,
      "metrics": {
        "candidates": {
          "p50": 100.0,
          "p95": 100.0,
          "p99": 100.0
        },
        "cpu_ms": {
          "p50": 710.818454,
          "p95": 742.6773526000001,
          "p99": 745.45725932
        },
        "fusion_ms": {
          "p50": 0.037322985008358955,
          "p95": 0.04945037653669715,
          "p99": 0.05170445656403899
        },
        "rss_kib": {
          "p50": 29372.0,
          "p95": 29546.4,
          "p99": 29573.28
        },
        "wall_ms": {
          "p50": 711.5196699742228,
          "p95": 742.7144537679851,
          "p99": 745.4972795303911
        }
      },
      "repetitions": 5,
      "units": 1000,
      "warmups": 1
    },
    {
      "candidate_limit": 100,
      "db_bytes": 50053120,
      "dimensions": 1024,
      "metrics": {
        "candidates": {
          "p50": 100.0,
          "p95": 100.0,
          "p99": 100.0
        },
        "cpu_ms": {
          "p50": 7081.313615,
          "p95": 7163.832885,
          "p99": 7164.7186249999995
        },
        "fusion_ms": {
          "p50": 0.0724300043657422,
          "p95": 0.10389136150479317,
          "p99": 0.10476303286850452
        },
        "rss_kib": {
          "p50": 76648.0,
          "p95": 76793.6,
          "p99": 76817.92
        },
        "wall_ms": {
          "p50": 7082.074347010348,
          "p95": 7165.85260698339,
          "p99": 7166.7824797774665
        }
      },
      "repetitions": 5,
      "units": 10000,
      "warmups": 1
    }
  ],
  "config": {
    "candidate_limit": 100,
    "cells": "1000x384,10000x384,1000x768,10000x768,1000x1024,10000x1024",
    "repetitions": 5,
    "warmups": 1
  },
  "contract": "mdrack.sqlite-envelope-v1",
  "elapsed_seconds": 107.639,
  "evidence_boundary": "local components",
  "harness_sha256": "c4e7a565abc610454c2ae1d368d0ab2dd601832bb712a4baca65855cf75cd4eb",
  "host": {
    "cpu": "x86_64",
    "kernel": "6.17.0-35-generic",
    "machine": "x86_64",
    "platform": "Linux-6.17.0-35-generic-x86_64-with-glibc2.39",
    "python": "3.11.15"
  },
  "packages": {
    "mdrack": "workspace",
    "mdrack-core": "workspace",
    "mdrack-sqlite": "workspace"
  },
  "privacy": {
    "network_attempts": 0,
    "source": "synthetic",
    "temporary_catalogs_removed": true
  },
  "revision": "0f8c6b2b78d6cf323f7d71c784db70ed9c8f4105"
}
